السنة,الربع,المنطقة,المدينة,النوع,الاستخدام,عدد الصفقات,مجموع قيم الصفقات ر.س,مجموع المساحاتM2,متوسط سعر المتر ر.س,أعلى متوسط سعر متر ر.س,أقل متوسط سعر متر ر.س
2026,1,الرياض,الرياض,فيلا,سكني,2045,4213824340,944724.503,4298.830303,18729.99109,325
2026,1,الرياض,الزلفي,دوبلكس,سكني,2,200000,444.28,NULL,NULL,NULL
2026,1,الرياض,مرات,فيلا,سكني,2,110000,938.77,NULL,NULL,NULL
2026,1,الرياض,المزاحمية,أرض,سكني,36,20026936.37,63783.32,340.1115659,1282.05,100
2026,1,الرياض,الزلفي,أرض,سكني,136,25683742.65,165994.3047,323.5965954,681.82,2.96
2026,1,الرياض,الدلم,أرض,سكني,79,28005914.31,96334.93,208.479594,483.33,91.83
2026,1,الرياض,جلاجل,أرض,سكني,7,1425000,4992,289.8286548,312.5,269.4235589
2026,1,الرياض,حريملاء,أرض,سكني,37,24249592.27,24483.34,1022.855298,1471.23,674.6
2026,1,الرياض,المزاحمية,دوبلكس,سكني,2,1930000,792.79,NULL,NULL,NULL
2026,1,الرياض,ثادق,أرض,سكني,48,11726379.85,30954.73,385.4391064,480.11,208.7
2026,1,الرياض,الزلفي,شقة,سكني,1,115000,122,NULL,NULL,NULL
2026,1,الرياض,ضرما,فيلا,سكني,1,185000,630,NULL,NULL,NULL
2026,1,الرياض,الدلم,فيلا,سكني,7,3031072.59,3556.73,451.1278195,709.2198582,184.2105263
2026,1,الرياض,الدوادمي,شقة,سكني,1,400000,156.24,NULL,NULL,NULL
2026,1,الرياض,الخرج,أرض,سكني,566,276178262.8,392266.7257,609.706175,3400.15,79.37
2026,1,الرياض,المجمعة,أرض,سكني,241,72605369.06,162435.86,350.956469,2512.82,76.13
2026,1,الرياض,السليل,أرض,سكني,46,9016905.63,28288.27,42.70291799,184.4509653,6.06
2026,1,الرياض,الخرج,فيلا,سكني,53,46824707.68,24293.06,2019.249345,3234.989648,930.6655658
2026,1,الرياض,القويعية,فيلا,سكني,4,1702100,2407.17,NULL,NULL,NULL
2026,1,الرياض,الحريق,دور,سكني,1,200000,137.74,NULL,NULL,NULL
2026,1,الرياض,روضة سدير,فيلا,سكني,2,820258,1073.51,NULL,NULL,NULL
2026,1,الرياض,الدلم,دور,سكني,1,300000,190.58,NULL,NULL,NULL
2026,1,الرياض,مرات,أرض,سكني,45,7289113.61,26791.28,170.0092026,252.8,107.2
2026,1,الرياض,ثادق,فيلا,سكني,1,90000,500,NULL,NULL,NULL
2026,1,الرياض,الدوادمي,أرض,سكني,620,89646514.45,386788.781,55.8870656,343.75,1.08
2026,1,الرياض,المزاحمية,شقة,سكني,12,6768122,2056.19,3169.469073,4101.48,2783.65
2026,1,الرياض,الغاط,أرض,سكني,26,1927300,16594.42,103.3364765,151.52,25.17
2026,1,الرياض,السليل,فيلا,سكني,1,300223.25,266.71,NULL,NULL,NULL
2026,1,الرياض,المجمعة,فيلا,سكني,2,700000,1372,NULL,NULL,NULL
2026,1,الرياض,ضرما,أرض,سكني,55,16843482,284714.2,34.85416837,972.89,0
2026,1,الرياض,الزلفي,فيلا,سكني,3,366500,1168.57,NULL,NULL,NULL
2026,1,الرياض,الدوادمي,فيلا,سكني,20,2171378.64,12620.55,74.19122392,444.44,1.54
2026,1,الرياض,رماح,فيلا,سكني,2,754132,1050,NULL,NULL,NULL
2026,1,الرياض,شقراء,شقة,سكني,2,345000,229.5,NULL,NULL,NULL
2026,1,الرياض,وادي الدواسر,فيلا,سكني,6,1596810.16,2854.66,400.3414434,1185.3,2.74
2026,1,الرياض,الحريق,أرض,سكني,26,4436859.12,15242.77,139.9297424,206.35,101.45
2026,1,الرياض,الرين,أرض,سكني,8,219500,4805,19.70899471,112.75,1.33
2026,1,الرياض,الدلم,شقة,سكني,2,658219,327.96,NULL,NULL,NULL
2026,1,الرياض,الافلاج,أرض,سكني,87,7911847,50320.7,56.48688047,156.25,1.52
2026,1,الرياض,المجمعة,دور,سكني,3,1452000,574.85,NULL,NULL,NULL
2026,1,الرياض,حوطة سدير,شقة,سكني,4,350000,269.59,NULL,NULL,NULL
2026,1,الرياض,رماح,دور,سكني,2,1425000,939.78,NULL,NULL,NULL
2026,1,الرياض,الرياض,أرض,سكني,3280,5196826771,7562737.688,372.7174107,14543.12,0.01
2026,1,الرياض,الافلاج,فيلا,سكني,5,2601444,3007.5,NULL,NULL,NULL
2026,1,الرياض,الخرج,دور,سكني,22,13181000,5827.63,2549.267431,2933.426142,2236.58
2026,1,الرياض,الرياض,شقة,سكني,3133,2595304812,443173.134,5861.706903,22910.68253,578.57
2026,1,الرياض,الرياض,دوبلكس,سكني,818,1258538105,239038.49,5040.724222,14234.58598,2133.89
2026,1,الرياض,ضرما,شقة,سكني,1,324987.74,111.58,NULL,NULL,NULL
2026,1,الرياض,الرياض,دور,سكني,1621,1571500085,313043.086,4914.634258,14099.96623,1822.88
2026,1,الرياض,عفيف,فيلا,سكني,7,162000,3374.75,26.30513962,35.29,13.11
2026,1,الرياض,الحريق,فيلا,سكني,1,25000,302.3,NULL,NULL,NULL
2026,1,الرياض,جلاجل,فيلا,سكني,2,300000,1300.71,NULL,NULL,NULL
2026,1,الرياض,حوطة سدير,أرض,سكني,1,275000,594,NULL,NULL,NULL
2026,1,الرياض,رماح,أرض,سكني,74,19232516.54,46086.66,328.3926667,612.24,160
2026,1,الرياض,حريملاء,شقة,سكني,2,1415000,494.98,NULL,NULL,NULL
2026,1,الرياض,عفيف,أرض,سكني,211,35343319.66,95550.88,64.64332046,606.06,1.16
2026,1,الرياض,المزاحمية,فيلا,سكني,25,21189403.04,13220.27,1257.873961,2222.222222,148.8
2026,1,الرياض,الجمش,فيلا,سكني,1,7197.52,899.69,NULL,NULL,NULL
2026,1,الرياض,البديع,أرض,سكني,1,844321,900,NULL,NULL,NULL
2026,1,الرياض,شقراء,فيلا,سكني,2,210000,749.19,NULL,NULL,NULL
2026,1,الرياض,المجمعة,شقة,سكني,16,4545113.3,1864.04,2484.632228,2692.76,2261.01
2026,1,الرياض,الخرج,دوبلكس,سكني,8,5108295,2262.64,NULL,NULL,NULL
2026,1,الرياض,القويعية,أرض,سكني,159,25689160.1,251187.62,63.59290638,339.88,0.08
2026,1,الرياض,الرين,دور,سكني,1,415000,148.49,NULL,NULL,NULL
2026,1,الرياض,المجمعة,دوبلكس,سكني,1,574000,431.98,NULL,NULL,NULL
2026,1,الرياض,وادي الدواسر,أرض,سكني,63,17236673.11,34762.42,194.6675864,659.24,50
2026,1,الرياض,الخرج,شقة,سكني,29,13060667.66,7261.51,NULL,NULL,NULL
2026,1,الرياض,شقراء,أرض,سكني,122,35582895.25,72146.99,300.6960203,850.08,158.73
2026,1,الرياض,روضة سدير,أرض,سكني,4,635000,2520,NULL,NULL,NULL
2026,1,الرياض,المزاحمية,دور,سكني,8,5511670,1842.15,3092.551403,3347.845669,2643.101239
2026,1,الرياض,حوطة سدير,دور,سكني,1,400000,437.5,NULL,NULL,NULL
2026,1,الرياض,الافلاج,شقة,سكني,1,200000,217.11,NULL,NULL,NULL
2026,1,الرياض,حوطة بني تميم,أرض,سكني,62,10901002,38150.31,166.3745284,833.33,20.18
